,username,description,location,following,followers,totaltweets,retweetcount,text,hashtags
0,AndromedaBeauty,/vÉ™rËˆnakyÉ™lÉ™r/ Disclaimer: I'm not Your Mother.  No advice granted.  Capice?! #DOGE,USA,4991,2398,118040,0,"@tririnity_111 @KMaruve Mother's Day Gift!
#nft #btc #twtr #doge #shib #tsla #nio #coachella
https://t.co/JHEgD7CVZh","['nft', 'btc', 'twtr', 'doge', 'shib', 'tsla', 'nio', 'coachella']"
1,ThePupOfWallSt,"A trader with a technical analyst's fedora. 

Writing on trading, mindset, creativity & habits.

Links: https://t.co/S76pJ7BzUq Tweets â‰  financial advice.",Check out my University â†’,105,36223,35204,9,"ğŸ”¥ 6 weekly charts courtesy of 
@trendspider and #GoNoGo

ğŸ§µ I'll drop the charts tomorrow

â¤ï¸ ğŸ”„ Make sure to like this to follow the thread and retweet it to spread the word. 

$X $TGT $BTU $HD $ULTA $TSLA https://t.co/Bwyit3E7Ol",['GoNoGo']
2,d_vwatts,,,114,28,2128,4,"Share your fav Elon quotes :)

$TSLA",[]
3,drame_47,"love â¤ï¸ prosperity for all Tesla,SpaceX,Starlink,Neurolink,Boring Company Ai,Redwood materials,Doge","Austin, TX",5000,755,25496,4,"Share your fav Elon quotes :)

$TSLA",[]
4,Icon00007,,,172,16,655,0,"No Wire Harnesses 
$NIO Offering Dilution Coming Bleeding Cash IMO as Shanghai Reports More Covid Cases as China Imposes New Lock Downs
$TSLA $BYDDY $BYDDF $XPEV $LI $FSR $BABA $BIDU $TSM $NIO Why Russiaâ€™s Invasion Of Ukraine Has Sent Automakers Scrambling https://t.co/gjTZHNmsUA",[]
5,passthebeano,"Yes, I did have a burrito for lunch. Why do you ask?",,1408,2733,53332,0,"FrUD's Take (spolier: duh):

""I think it just makes sense to sell an electric car with a charging device.""

$TSLA $TSLAQ",[]
6,mooroobee,I'm here mainly to track Tesla news,"Austin, TX",470,652,10772,0,@GO_GO_ELECTRIC @jason_tsla @FermisSocks I really donâ€™t get why this would deter anyone. Literally just $275. It should be just a click at checkout and thatâ€™s the end of it. Are you really saying a price increase on the car is better?,[]
7,Johnny_Nakhla,NJ | FAU '19ğŸŒ´ğŸ‡ªğŸ‡¬,,327,384,9184,4,Who is this???? Spotted in New Jersey. $PLTR @amitisinvesting @ChadPalantard @PalantirVision @PLTRillion $TSLA https://t.co/HmxVKbaW7X,[]
8,Blumbum69420,"Realistic Tesla Model Y & shareholder.
Anaphylactic reactions to cultist-mentality & cognitive biases.
Excited about everything involving space! #SpaceX #TeamLH",Tellus,34,9,844,35,"Pictured: @elonmusk's approach to freedom of speech in a previous securities fraud.

$TWTR $TSLA $TSLAQ https://t.co/wbd44FYGid",[]
9,AndromedaBeauty,/vÉ™rËˆnakyÉ™lÉ™r/ Disclaimer: I'm not Your Mother.  No advice granted.  Capice?! #DOGE,USA,4991,2398,118040,0,"@FrankAchon @KMaruve Mother's Day Gift!
#nft #btc #twtr #doge #shib #tsla #nio #coachella
https://t.co/JHEgD7CVZh","['nft', 'btc', 'twtr', 'doge', 'shib', 'tsla', 'nio', 'coachella']"
10,AndromedaBeauty,/vÉ™rËˆnakyÉ™lÉ™r/ Disclaimer: I'm not Your Mother.  No advice granted.  Capice?! #DOGE,USA,4991,2398,118040,0,"@Picachures @LizerReal Mother's Day Gift!
#nft #btc #twtr #doge #shib #tsla #nio #coachella
https://t.co/JHEgD7CVZh","['nft', 'btc', 'twtr', 'doge', 'shib', 'tsla', 'nio', 'coachella']"
11,bruce99340413,,,429,77,32245,3,"Tesla overpaid taxes in the 2003-2021 period

The IRS are gonna let them skip some taxes in 2022* to ensure Tesla is taxed fairly

Demagogues are going to tell you half truths and try to convince you Tesla isn't paying taxes. Don't get bamboozled. $TSLA",[]
12,AndromedaBeauty,/vÉ™rËˆnakyÉ™lÉ™r/ Disclaimer: I'm not Your Mother.  No advice granted.  Capice?! #DOGE,USA,4991,2398,118040,0,"@BojanaVukov @hubofml @Shi4Tech Mother's Day Gift!
#nft #btc #twtr #doge #shib #tsla #nio #coachella
https://t.co/JHEgD7CVZh","['nft', 'btc', 'twtr', 'doge', 'shib', 'tsla', 'nio', 'coachella']"
13,OrgonDigital,"ğŸ’°Crypto Investment Club ğŸ’°#CryptoNews #Cryptopredictions #dogecoinğŸš€ğŸš€ğŸš€ğŸš€ğŸš€ğŸš€ 
#dogearmy Learn crypto with us #dogearmyğŸ’ªğŸ’ªğŸ’ªğŸ’ªğŸ’ªğŸ’ªğŸ’ªğŸ’ªğŸ’ªğŸ’ªğŸ’ªğŸ’ªğŸ’ªğŸ’ª","NC, Atlanta, and LA",434,334,2318,62,So what is Plan B?  Elonâ€™s not about to give up so fast. My bet: He pairs up with 1-2 PE partners and his friend Larry Ellison and sweetens his $TWTR bid to $60. Other media/tech firms (e.g. $MSFT) who can get FTC approval are submitting bids. $tsla https://t.co/OmIRdyjJon,[]
14,Gotham305,"I eat, sleep, and breathe stocks. Puerto Rico #1 #stock trader. Tweets are my opinion only. Not financial advice. ğŸ˜ŠğŸ’ª",,2,457,6572,0,$TSLA primed for a gap up on Earnings Tuesday. https://t.co/jXDDGUrIvE,[]
15,seattlehikertoo,"EX-CPA ""Fed"" up with insane tax code and economic lunacy. Semi-pro trader. House-fixer. Hiking is my paradise. Studying weather my true love.",Cascades or Olympic Mtns,373,546,12885,0,@LadeBackk She is but she was dead on balls accurate about $TSLA going to 5k,[]
16,ZickyX,"not all girls are made of sugar and spice, and everything nice. Some are made of sarcasm, wine and everything fine. 
LOVE RTin IMPORTAN Tweets AS WELL AS  LIKES",Mars Vill Jersey,81,704,148240,36,Tesla of the day. The kids loved this one. The supercharger network is one of teslas best assetsâ€¦ $tsla #tesla https://t.co/IMlNxyabJi,['tesla']
17,leaderqueen,"Daughter, sister, friend, introvert, designer, investor. Live, Love, Laugh. Think Independently. CFA, FRM, BSC, MBA.",Present Moment,1828,156,28563,12,"$AAPL Mac Sales had stagnated for almost 7 years until Apple introduced their own high performing in-house M1 Chips in 2020. 

This is what great leadership does, short term pains for long term gains. 

$AMZN , $TSLA and $FB are now all working on their own chips because of this. https://t.co/jCnsbuK2Aw",[]
18,AndromedaBeauty,/vÉ™rËˆnakyÉ™lÉ™r/ Disclaimer: I'm not Your Mother.  No advice granted.  Capice?! #DOGE,USA,4991,2398,118040,0,"@parisreview Mother's Day Gift!
#nft #btc #twtr #doge #shib #tsla #nio #coachella
https://t.co/JHEgD7CVZh","['nft', 'btc', 'twtr', 'doge', 'shib', 'tsla', 'nio', 'coachella']"
19,KyronBaxter,"ex-Microsoft, non-partisan.               Views = Mine. ğŸ‡¨ğŸ‡¦âœˆï¸ğŸ‡¯ğŸ‡²ğŸ‡ºğŸ‡¸ğŸ‡¯ğŸ‡µğŸ‡¦ğŸ‡ªğŸ‡¸ğŸ‡¬ğŸ‡¬ğŸ‡§ğŸ‡¹ğŸ‡·ğŸ‡²ğŸ‡¦ğŸ‡µğŸ‡¹ğŸ‡¬ğŸ‡ªğŸ‡µğŸ‡­",United Kingdom,149,40,1445,3523,"Today Iâ€™m retiring from the corporate world at age 39.

Not selling any shares for the foreseeable future. $TSLA https://t.co/wCDZJlPdoX",[]
20,fansdelmadrid,"Editor desde 2004 de https://t.co/NziLAcsU8S, el blog madridista pionero y cuna del madridismo alternativo. No suelo hablar de fÃºrbol. Ãšltimo no leÃ­sta vivo.",Cerca de Shibuya,1472,4598,68637,1,"@ClaireMusk Yeah, sure, but $TSLA deducts the $400 in calculating its gasoline savings figure, right?",[]
21,Trader_Joe_LPP,FAKE Joe Rogan. LPP partnered with https://t.co/Yd9ZuBwK0S @unusual_whales,LOVE PEACE PRINTING ,664,23809,65371,0,"HahHaha.  If $AAPL can do it, we can do it. $TSLA. ğŸ˜‚ ğŸ‘‡ğŸ½. ER incoming DIVE ğŸ©¸ https://t.co/tAVSj8Gyal",[]
22,itscharliemar__,The global investors association. Avid discount security vultures that preserve the contrarian approach in the market. Join the society below.,valuestockclub.com,56,1500,241,3,"If I held any of these stocks that last 11 years (age 16) with $10K I still wouldnâ€™t be a millionaire. Not even 1/2. 

$AAPL $GOOG $FB $MSFT $NFLX $NVDA $MCD $SBUX $TSLA 

Yet, through the power of Contrarian Compound Value Investing I was able to achieve millionaire status X10.",[]
23,PZebarth,"Remember diamonds are created under pressure so hold on, it will be your time to shine soon.",ğ˜›ğ˜©ğ˜ªğ˜´ ğ˜½ğ™¡ğ™¤ğ™˜ğ™ ğ™¨ ğ˜¶ğ˜´ ğ˜§ğ˜³ğ˜°ğ˜® ğ™¢ğ™–ğ™£ğ™ğ™›ğ™šğ™¨ğ™©ğ™ğ™£ğ™œ ğ˜µğ˜©ğ˜¦ ğ˜­ğ˜ªğ˜·ğ˜¦ğ˜´ ğ˜¸ğ˜¦ ğ˜¸ğ˜¢ğ˜¯ğ˜µ â”,49,68,3412,0,$ATER ğŸš€ğŸŠ $TWTR $TSLA $AMD ï¸ https://t.co/6L9uJbyQfv,[]
24,ayanray,,Japan,384,182,1167,0,"@MrSedocan I think any company will need to be both a hardware and software company to get to that level. $NVDA might be the next closest after $TSLA, who is arguably already there.",[]
25,toddenders,"Cheerful & bearded Coastie, coaches product marketing leaders & teams. Listen to those who see it differently.","Moss Beach, CA",528,3255,37330,55,My mom who is 77 who just ordered a model 3 is supposed to know she now needs toorder a separate charger just to charge her car? On a 60k plus car?! Iâ€™m sorry. This is ridiculous @elonmusk $tsla,[]
26,AndromedaBeauty,/vÉ™rËˆnakyÉ™lÉ™r/ Disclaimer: I'm not Your Mother.  No advice granted.  Capice?! #DOGE,USA,4991,2398,118040,0,"@BritishVogue Mother's Day Gift!
#nft #btc #twtr #doge #shib #tsla #nio #coachella
https://t.co/JHEgD7CVZh","['nft', 'btc', 'twtr', 'doge', 'shib', 'tsla', 'nio', 'coachella']"
27,yVibrantCapital,"Wtf should be here anyway? anyway this is about Me and my MY LR and probably other things to 

$tsla ğŸš€",,233,178,8976,0,@doge_southern People suddenly only care about their own habits and forgot they got rich from owning $tsla and will never ever buy something extra because it was bundled in the past and created their habits,[]
28,AndromedaBeauty,/vÉ™rËˆnakyÉ™lÉ™r/ Disclaimer: I'm not Your Mother.  No advice granted.  Capice?! #DOGE,USA,4991,2398,118040,0,"@Paula_Piccard @hubofml Mother's Day Gift!
#nft #btc #twtr #doge #shib #tsla #nio #coachella
https://t.co/JHEgD7CVZh","['nft', 'btc', 'twtr', 'doge', 'shib', 'tsla', 'nio', 'coachella']"
29,RENATUSInc5000,"Director/Producer surfing & skateboarding drone motion pictures. Malibu & Hollwood, California. Texas is home. Louisiana born. $TSLA $DOGE $ELON $BTC $ETH $TWTR",United States,304,150,2906,4,"Share your fav Elon quotes :)

$TSLA",[]
30,AndromedaBeauty,/vÉ™rËˆnakyÉ™lÉ™r/ Disclaimer: I'm not Your Mother.  No advice granted.  Capice?! #DOGE,USA,4991,2398,118040,0,"@bm_photobot Mother's Day Gift!
#nft #btc #twtr #doge #shib #tsla #nio #coachella
https://t.co/JHEgD7CVZh","['nft', 'btc', 'twtr', 'doge', 'shib', 'tsla', 'nio', 'coachella']"
31,Icon00007,,,172,16,655,0,"$NIO Offering Dilution Coming Bleeding Cash IMO as Shanghai Reports More Covid Cases as China Imposes New Lock Downs
$TSLA $BYDDY $BYDDF $XPEV $LI $FSR $BABA $BIDU $TSM $NIO Why Russiaâ€™s Invasion Of Ukraine Has Sent Automakers Scrambling https://t.co/gjTZHNmsUA via @YouTube",[]
32,wordjuggler,"Brain dragging around a body. Bernie ForFuckingEver! Catholic Atheist, military brat, INTJ, Democratic Socialist. Art and Science, $TSLAQ","Boise, Idaho",2044,948,54337,9,4/20 gonna be lit this year. $tslaQ $TSLA https://t.co/XhXhmeUsq6,[]
33,pentaquarky,"millennial | dad | cpa | radical centrist | rocket nerd | boulderer | own model 3, model Y, and tesla solar | long $tsla, $xpev, $nio, $eh","Portland, OR",166,78,1140,0,"@adamhoov Oddly enough, itâ€™s decisions like this that make me question my position in $tsla long-term. This is short-sighted pettiness.",[]
34,ThaTrapLawd,"US Submarine Veteran. Dad. Dog lover. 
Lover of weird alien wook bass ğŸ‘½ ğŸ”Š
I trade $SPY daily",The Trap,132,788,6655,0,"Time to go long on $TSLA?

https://t.co/HertpGZCtL",[]
35,CookShauntel,"Doge wallet 
DQQpvE4Rvb9nii6v9iQgABqWibPNSLiS1R",,992,500,8298,19,Believe in #dogecoin like you believe in #TSLA,"['dogecoin', 'TSLA']"
36,archvoidzsmurf,"ğŸ‡ºğŸ‡¸ I do not believe in taking the right decision, I take a decision and make it right. ğŸ‡ºğŸ‡¸",Éªâ€™á´… É´á´‡á´ á´‡Ê€ Êœá´‡á´€Ê€á´… á´€É´Êá´›ÊœÉªÉ´É¢ ÊŸÉªá´‹á´‡ á´›ÊœÉªêœ± â”,40,66,3350,0,"$TSLA Option to look at... ğŸ‘€ ğŸ‘€  $2200.00 Call for Friday, May 20, 2022. Roughly 12 Thousand dollars! ğŸ’°ğŸ’° Learn more on StockOrbit! Link on profile!! ï¸",[]
37,AndromedaBeauty,/vÉ™rËˆnakyÉ™lÉ™r/ Disclaimer: I'm not Your Mother.  No advice granted.  Capice?! #DOGE,USA,4991,2398,118040,0,"@Paula_Piccard @hubofml Mother's Day Gift!
#nft #btc #twtr #doge #shib #tsla #nio @coachella
https://t.co/JHEgD7CVZh","['nft', 'btc', 'twtr', 'doge', 'shib', 'tsla', 'nio']"
38,SugarMoonDonuts,#followback #coffee #coffeebar #ifollowback #followbackteam #espresso #latte #donuts #sugarmoon #sugarmoondonuts,"St Augustine, FL",8128,7949,13192,316,"BREAKING: Elon Muskâ€™s speaking to investors who could partner with to buy Twitter - NYP

One possibility sources said: teaming with PE firm Silver Lake Partners, which was planning to co-invest with him in 2018 when he was considering taking $TSLA private.
https://t.co/jGC2I4NzFs",[]
39,idiggedydawg,"True son of the home state of World Champions, the Georgia Bulldogs & Atlanta Braves",,280,191,13533,2,$TSLA has removed the mobile connector as a standard accessory with every new car purchase. It can be purchased separately for $400.,[]
40,AndromedaBeauty,/vÉ™rËˆnakyÉ™lÉ™r/ Disclaimer: I'm not Your Mother.  No advice granted.  Capice?! #DOGE,USA,4991,2398,118040,0,"@dezentral1 @ARodrigoRuizFe1 @Sadboi0808 Mother's Day Gift!
#nft #btc #twtr #doge #shib #tsla #nio @coachella
https://t.co/JHEgD7CVZh","['nft', 'btc', 'twtr', 'doge', 'shib', 'tsla', 'nio']"
41,youfay,Interested in all things $tsla ğŸš— and Liverpool FC âš½ï¸,Singapore,312,42,2794,0,@Steven_think People like us would rather invest those extra money into $tsla very different mindset,[]
42,Tsla_2016,"Tesla Investor Since 2016â™¡
To Make Money You Have To Have Faith In Your Investmentsâ™¡","leonta,New York",32,16,113,0,@AtoZsportsinv @BawzRs @beach_trades Its a done deal,[]
43,NBG_Machiavelli,Through passion I gain strength,Hyperbolic Time Chamber ,346,489,406821,2,$TSLA has removed the mobile connector as a standard accessory with every new car purchase. It can be purchased separately for $400.,[]
44,MarketRebels,Take control of your financial destiny.,"Chicago, IL",311,240800,47527,2,$TSLA has removed the mobile connector as a standard accessory with every new car purchase. It can be purchased separately for $400.,[]
45,TeslaNakamoto,My friends have no clue Iâ€™m a Bitcoinaire and Teslanaire ğŸ‡¯ğŸ‡µ/ğŸ‡¿ğŸ‡¦,"San Francisco, CA",127,1527,1510,0,Amazon is nextâ€¦ $TSLA https://t.co/MxGDmsl5hD,[]
46,fintwit_tracker,Tracking trending stocks among the most influential traders on #fintwits,"Miami, FL",651,8358,25167,0,"Trending Stocks on #fintwit: 

Source: https://t.co/cWJOwWSb0I 

1. $SPY ğŸ¥‡
2. $TSLA ğŸ¥ˆ
3. $AAPL ğŸ¥‰
4. $TWTR
5. $SPX
6. $NVDA
7. $BAC
8. $ULTA
9. $OXY
10. $GOLD

( Sorted by most recent ) https://t.co/CqhoXKIRkA",['fintwit']
47,oneshard67,,,23,4,237,15,Who has Elon Muskâ€™s attention? Hereâ€™s the group the $TSLA boss talks to the most on Twitter. https://t.co/Hiyf2OUvPz,[]
48,KevinStanMusk,For some reason I imagine a planet somewhere out there where Elon Musk is secretly hiding all of his clones.,,5,3,27,0,"@elonmusk @JeffBezos Amazon/Tesla AI bot deal? to replace warehouse workers. 95,000 workers $16 an hour. Possibly can help bring about UBI, plus delivery drones. Also, Tesla Smartphones is a good idea. $AMZN $TSLA",[]
49,jstnhllmn,,San Francisco,622,187,18094,6,"Weekend video update:
https://t.co/fT22xFZR57

Reviewed:
$SPY
$QQQ
$IWM
$BTC
$ETH
$AAPL
$TSLA
$AMD
$CRWD
$PLTR",[]
50,EasyTiTi,"buy me a cup of coffee as thank you USDT via TRC20
ğŸ‘‰

TJg3ZKP1bm1RUjRTCuPfeJBTLfNPMQp24q ğŸ‘ˆ

I saved moon boys from Cardano, now it's #Luna turn",Namek ğŸ–ï¸ ,183,376,5646,0,"@VSoien Tesla $TSLA is overpriced af!!!
After this month earnings will short Tesla. 
I see #TSLA go sub $100
P.S do not go against the FED QT https://t.co/vOJLxnrttR",['TSLA']
51,Chris_Loveless2,family / stocks / $tsla / instinct trader / free thinker,"Virginia, USA",605,626,11968,0,"@SawyerMerritt Iâ€™m using my to charge right now and do almost every time I charge. (Except today, long drive.) You are buying Twitter to make it more transparent, soâ€¦

Can we see these usage statistic? @elonmusk $tsla https://t.co/3Sx2SA57f2",[]
52,RalphGorichanaz,â¤ï¸ Teslaâ€™s Mission ğŸ’« Investor Since 2019 ğŸŒˆ Disruptive Technology âœ‹ Climate Change ğŸ”‹owner model 3 & Insane Technology Bandwagon ğŸš¨not investment advice â˜®ï¸â›·,"Alaska, USA",2191,417,10869,4,"It seems @elonmusk followed the wrong data, maybe from Ben Sullins? What is the percentage of customers who use the mobile charger? If I had to hazard a guess itâ€™s 30-40 percent. $tsla",[]
53,ChampagneShark,"I trade commons because Iâ€™m old, I trade options because of @_Sharktrader. I hosted a trading podcast with @Penny_Lane_BBM once. @SwingPony is my dogâ€™s auntie.",,230,186,797,6,"Weekend video update:
https://t.co/fT22xFZR57

Reviewed:
$SPY
$QQQ
$IWM
$BTC
$ETH
$AAPL
$TSLA
$AMD
$CRWD
$PLTR",[]
54,1ronbenn,.,"MontrÃ©al, QuÃ©bec",84,2,28,0,@KyleWallgren @PeterSchiff @elonmusk Yes. But. That would still have an effect on TSLA price.,[]
55,BeadPulp,"Not trying to argue, trying to make change | A mass of Mardi Gras detritus made sentient | he/they",THE COOL ZONE,273,77,28274,7,My prior is â€œthe meme stock bubble isnâ€™t over until $TSLA trades inline with comps if not lowerâ€. Needless to say this would fit. https://t.co/MLiZSCHybT,[]
56,wordjuggler,"Brain dragging around a body. Bernie ForFuckingEver! Catholic Atheist, military brat, INTJ, Democratic Socialist. Art and Science, $TSLAQ","Boise, Idaho",2044,948,54337,12,"It's amazing that ANYONE would own stock in a company run by such a point-blank liar. After lying so much in plain sight, what do you idiots think he does with the financial statements?

$TSLA https://t.co/87YANQeYQT",[]
57,buckwildwang,"engineer @Spotify. previous @BoozAllen, SIG, and @Neversoft. Software enthusiast/tech investor.",United States,750,371,877,530,"BREAKING: ARK Invest has released their new $TSLA report.

ARK has increased their $TSLA price target to $4,641 for 2026 (from $3,000 for 2025). ARK also laid out a $5,784/share 2026 bull case scenario.

Tesla will hit a $4T market cap at $4,835/share (not incl dilution, etc). https://t.co/QBakunLMNt",[]
58,mcasliz,Apartidista.,,75,100,16185,6,"Weekend video update:
https://t.co/fT22xFZR57

Reviewed:
$SPY
$QQQ
$IWM
$BTC
$ETH
$AAPL
$TSLA
$AMD
$CRWD
$PLTR",[]
59,XQXae,Human advocate,"Orange County, CA",198,55,1077,190,@elonmusk talking at TED2022 about the relentless short and distort method wallstreet and hedge funds  use to to ruin companiesâ€¦. Sound familiar #amc #gme #hymc #bbby #tsla https://t.co/pa8amuUNgP,[]
60,buckwildwang,"engineer @Spotify. previous @BoozAllen, SIG, and @Neversoft. Software enthusiast/tech investor.",United States,750,371,877,21,"The new ARK bear case for $TSLA is $2,900 in 2026.  The Stephenson Indicatorâ„¢ï¸ is $2,958.  Further evidence that this linear / dumb* projection could be a great conservative estimate of future gains!

* With all due respect to @ICannot_Enough ğŸ˜„ https://t.co/kQR8cAwyQw",[]
61,wordjuggler,"Brain dragging around a body. Bernie ForFuckingEver! Catholic Atheist, military brat, INTJ, Democratic Socialist. Art and Science, $TSLAQ","Boise, Idaho",2044,948,54337,12,"Hey @TashaARK - can you help me? My $TSLA model has a $3 billion drop in operational cash flow for 22Q1 compared to 21Q4. Can Wrightâ€™s Law be used to fix this short term? I mean, earnings are next Wednesday and Iâ€™m not sure if Elon has time for this now!!",[]
62,yangyang_ang,"ë°˜ê°‘ìŠµë‹ˆë‹¤. íŠ¸ìœ„í„°ëŠ” ì´ˆë³´. êµìœ¡ì—…ê³„ì— ì¢…ì‚¬(êµì‚¬ ì•„ë‹˜). ì¼ë²Œë ˆ(ë³€í•´ì•¼ í•´! ìŠ¹ì§„ë§Œ í•˜ê³  ì—°ë´‰ì€ ì•ˆ ì˜¤ë¥´ê³  ê±´ê°•ë§Œ ë‚˜ë¹ ì§€ê³ . ì´ëŸ¬ë©´ì„œ ê³µì§œ ì•¼ê·¼ ì¤‘). í…ŒìŠ¬ë¼ íˆ¬ìì. í°ëˆì€ ì—†ëŠ”ë° í•´ì™¸ ì£¼ì‹ì€ 3ë…„ì¹˜ ì—°ë´‰ íˆ¬ì ì¤‘(ê°„ í° ë°”ë³´?). í¬ë¦½í† ëŠ” ë„ì§€, ì´ë”ë¦¬ì›€ ì¡°ê¸ˆ.",ëŒ€í•œë¯¼êµ­,151,15,354,7,"In a nutshell, $TSLA appears to be using blocks in the structural battery pack, not dummy cells, to produce lower-power packs. There is potential for up to 380 miles of range if they use the whole space for batteries.

Plaid Y in the future @elonmusk? https://t.co/1yGRZNoAzP",[]
63,JctTrader,Caracas,Caracas,1686,281,23922,6,"Weekend video update:
https://t.co/fT22xFZR57

Reviewed:
$SPY
$QQQ
$IWM
$BTC
$ETH
$AAPL
$TSLA
$AMD
$CRWD
$PLTR",[]
64,DarthJML,"Tesla, Space X, DND, Star wars, Reeseâ€™s and buttholes, Butthole chair guru, Metric Monster, Typo connoisseur","Florida, USA",1695,3062,36742,4,"It seems @elonmusk followed the wrong data, maybe from Ben Sullins? What is the percentage of customers who use the mobile charger? If I had to hazard a guess itâ€™s 30-40 percent. $tsla",[]
65,elonfantommy,"I collect information as a hobby. I admire people who are masters in their field. I have always had a love for technology, innovation, and discovery.",,394,709,70622,0,"Check out this very well researched, explained, and presented video by @TSLAfanboy about his conviction when investing in $TSLA",[]
66,Brownsugarcome1,11 year Army Vet. #1 take care of your mind. #2 take care of your body 3. Be a good person 4. Now start investing  (#not a financial adviser),,8,206,2198,6,"Weekend video update:
https://t.co/fT22xFZR57

Reviewed:
$SPY
$QQQ
$IWM
$BTC
$ETH
$AAPL
$TSLA
$AMD
$CRWD
$PLTR",[]
67,teshen8lin,Opinions Are My Own. You should not treat any opinion expressed by me as a specific inducement to make a particular investment or follow a particular strategy.,United States,1096,536,35649,23,@SawyerMerritt This seems like a dumb move by $TSLA.  Itâ€™s not the same as $AAPL not including chargers with iPhone purchases since most people have chargers from previous iPhones. Not true of first time EV purchasers.,[]
68,indrayam,IT Architect @ Cisco. I love software. Views expressed here are my own and not the views of my employer.,"iPhone: 37.665367,-121.902947",3393,1134,67592,55,My mom who is 77 who just ordered a model 3 is supposed to know she now needs toorder a separate charger just to charge her car? On a 60k plus car?! Iâ€™m sorry. This is ridiculous @elonmusk $tsla,[]
69,Cupidoge,"I attended two schools, one behind the desks: it taught me to read and write, the second on the street: it taught me to know how to live.","Fiumicino, Lazio",2837,2624,54614,4,"I have a wall connector and two mobile chargers so Iâ€™m fine if Tesla stops providing a way to charger your car. 

Disclosure: $TSLA shareholder",[]
70,DuenesJason,,Prophicitypumedanddumpedphizer,481,114,2652,6,"Weekend video update:
https://t.co/fT22xFZR57

Reviewed:
$SPY
$QQQ
$IWM
$BTC
$ETH
$AAPL
$TSLA
$AMD
$CRWD
$PLTR",[]
71,MadTorque,Sustainable Product Design graduate. Into engineering and design. Sustainability is my mission. $TSLA,,326,351,688,4,"This is an upsell, right? @elonmusk @Tesla $TSLA

@WholeMarsBlog https://t.co/gunrDDHbvu",[]
72,Cupidoge,"I attended two schools, one behind the desks: it taught me to read and write, the second on the street: it taught me to know how to live.","Fiumicino, Lazio",2837,2624,54614,4,"It seems @elonmusk followed the wrong data, maybe from Ben Sullins? What is the percentage of customers who use the mobile charger? If I had to hazard a guess itâ€™s 30-40 percent. $tsla",[]
73,elgeevees,,"Bangalore, India",791,51,3922,43,"Different investment types have different goals

You can have a MIXED plan as well and be VERY successful

Dividends
$KO
$MO
$HD
$V
$SBUX

Blue Chip
$AAPL
#MSFT 
$GOOGL
$AMZN

Growth
$TSLA
$NVDA
$CRWD
$SQ
$SHOP

REITs
$O
$STOR
$PSA
$STAG

Which is your GO TO type? https://t.co/u3BBdzltPe",[]
74,Jake__Wujastyk,Sharing charts for another perspective in the markets. Founding team @TrendSpider,"Denver, CO",560,159234,47256,6,"Weekend video update:
https://t.co/fT22xFZR57

Reviewed:
$SPY
$QQQ
$IWM
$BTC
$ETH
$AAPL
$TSLA
$AMD
$CRWD
$PLTR",[]
75,indrayam,IT Architect @ Cisco. I love software. Views expressed here are my own and not the views of my employer.,"iPhone: 37.665367,-121.902947",3393,1134,67592,23,@SawyerMerritt This seems like a dumb move by $TSLA.  Itâ€™s not the same as $AAPL not including chargers with iPhone purchases since most people have chargers from previous iPhones. Not true of first time EV purchasers.,[]
76,InvestorSwan,"1 improbable event can have a disproportionate impact. Retweets are acknowledgement, not endorsement. Tweets are ""opinionated"", ""always biased"" & ""self-serving""",Croatia,1500,1353,40965,0,"Did @elonmusk also tell @TEDchris about â€œTHOSE B*****RDS? Did he imply she is one of those? 
@PlainSite $tsla $tslaq https://t.co/f6kfsACa1O",[]
77,CherylRiddle48,Interesting Pictures History Arts & Culture,"Georgia, USA",459,83,11232,15,"The ELITES donâ€™t want Elon Musk to own $TWTR. 

@DavidSacks explains ğŸ˜¤ 

#TwitterTakeover #ElonMuskBuyTwitter  $TSLA https://t.co/GdpBqPlGSd","['TwitterTakeover', 'ElonMuskBuyTwitter']"
78,Dina43810070,"#TSLA Investor ğŸ’¯ 

Live Love Smile Sell Everything and Buy T$LA",NY NY,20,53,1787,0,"Note to self.. dont take my Kids shopping
Damn i could have added 1.5 $TSLA ğŸ¤¨ https://t.co/XnfTWMpX5F",[]
79,Cryptojackio,"Crypto YouTuber 200k subs, trader & holder #Bitcoin #BTC $BTC #Crypto","Dubai, United Arab Emirates",18,1501,212,11,"$TSLA holds $2B of #BTCÂ 

$MSTR holds $5B of #BTCÂ 

$LUNA plans to buy $10B of #BTCÂ 

Thereâ€™s only 21M #BitcoinÂ  for 8B people.","['BTC', 'BTC', 'BTC', 'Bitcoin']"
80,sfkjbg,,,198,24,971,0,"@spiderdiv @BDJames6 @KaivanShroff Yes 5 of 10k is better than 5/10, one is 0.05% the other is 50%. I'll let you guess which is which. 
To be clear the state of California said it was ok for auto manufacturers to go back to work. Only Alameda county said no to $TSLA",[]
81,Cupidoge,"I attended two schools, one behind the desks: it taught me to read and write, the second on the street: it taught me to know how to live.","Fiumicino, Lazio",2837,2624,54614,7,I use my mobile charge connector DAILY? Am I part or the minority? $tsla,[]
82,CharlesRixey,"Dad/Husband/OIF Vet/Historian
USMC/DoS Weapons of Mass Destruction (WMD) professional
Researching SARS-CoV-2's origin w/#DRASTIC
chrixey@protonmail.com","Frisco, TX",752,7644,7928,1,"@scottswood72 @tony_vandongen @Daoyu15 @JGrudno @2Genervter @jplatte11 @Jikkyleaks @jjcouey @gibarian1979 I've seen no confirmation that his options trading is performing better than my 7 shares of TSLA, Pokemon Card collection and vial of Kristian Andersen's tears. 

I've got this new idea: quantum options, wherein my Black-Scholes price is at a superposition of $",[]
83,mark_mtv3,,Earth,304,186,8737,2,"European MY deliveries aren't offered for this quarter anymore (even in black and white). That gives us a pretty good idea about Berlin's ramp-up, or the lack of.

$TSLA $TSLAQ",[]
84,BelindaChristl1,,,42,2,110,14,Typically when companies have poison pills the way around it is to make an offer they canâ€™t refuse.  Thatâ€™s one thatâ€™s high enough the majority would tender their shares. #twitter #tesla $twtr $tsla,[]
85,BigSardineJQ,Amazing wife & children. ğŸ’ğŸ¤²ğŸ¼ #btc #eth #vra #NFT #gangang â€œAchieve greatness? Stop asking for permission.â€ â€œBe legendary!â€ğŸ‡ºğŸ‡¸ğŸ‡¬ğŸ‡¹ğŸ‡µğŸ‡·ğŸ‡µğŸ‡­,Earth,952,515,6336,24,How can anyone legitimately justify $tsla removing the mobile connector? This is pure insanity. Every EV car comes with a freaking charger!! This decision really boggles the mind and honestly makes me question teslas real motivation for removing it. â€œUsage rate is lowâ€ is so BS,[]
86,GO_GO_ELECTRIC,FSD Beta Tester gogoelecktrik@gmail.com,,244,268,5256,0,"@jason_tsla @FermisSocks @mooroobee EXACTLY!!! Itâ€™s waaay to early to get rid of a charger for an electric vehicle. Even though these devices arenâ€™t comparable, Apple at least waited 15 years b4 they removed their charging device. I really hope this doesnâ€™t deter ppl from choosing a Tesla over another EV",[]
87,arthurqueen2011,Ignorante en superaciÃ³n constante,MÃ©xico,261,36,1426,157,"Returns, Last 10 Years..
Bitcoin $BTC: +820,509%
Tesla $TSLA: +14,628%
NVIDIA $NVDA: +6,207%
Netflix $NFLX: +2,190%
Amazon $AMZN: +1,491%
Domino's $DPZ: 1,105%
AMD $AMD: +1,075%
Microsoft $MSFT: +1,011%
Apple $AAPL: +768%
Google $GOOGL: +678%
S&amp;P 500 $SPY: +282%
Gold $GLD: +13%",[]
88,BrianFires,Starting Over @ 55,,418,19,449,0,"Let Us Pray For Peace, Love &amp; Unity During This Easter Season
$abbv $appl $amzn $ba $brk $bhc $cmg $dis $f $ge $hlf $iep $jnj $ko $ibm $pep $ms $gs $wfc $jpm  $c $cs $msft $nflx $orcl $tst $pfe $prgo $mrk $tsla $mstr $intc $goog $azn $btc $sq $spy $intc $ba $crm $snap $twtr",[]
89,Whiskey0286,ğŸ’ â€¢Palantirâ€¢ ğŸ’,,146,65,3923,4,Who is this???? Spotted in New Jersey. $PLTR @amitisinvesting @ChadPalantard @PalantirVision @PLTRillion $TSLA https://t.co/HmxVKbaW7X,[]
90,mokhtarjan,,,111,47,2125,4,Who is this???? Spotted in New Jersey. $PLTR @amitisinvesting @ChadPalantard @PalantirVision @PLTRillion $TSLA https://t.co/HmxVKbaW7X,[]
91,thestagiritis,I like these stocks a lot and share what I am looking at. Not financial advice. Mod of a free discord where we share ideas. Live by the golden rule. No fakes.,Moon,64,2790,24797,0,"I always preach though that if you are buying off someoneâ€™s alerts you could be use as liquidity. Make sure you start to play your own ASAP. Live trading should come back soon too been busy learning TSLA and SPY. 

Really want to share my strikes by September.",[]
92,stonkscheer,"Opportunism & Hopium;
we learned from watching Chris, 
who is still too close.
us, we, our, they, them, she, her, he, him
NOT ""it"" of course!  Touch your nose!","White Water, Maine",761,203,15539,0,"A #Great #contraction of #asset values is something we will witness? ğŸ˜©

Say it aint so Nasim!!!!!!

$spy $qqq $iwm $aapl $msft $goog $googl $tsla $tnx $tlt #bondmarket #tbills #sdr https://t.co/yvEnYnRDv8","['Great', 'contraction', 'asset', 'bondmarket', 'tbills', 'sdr']"
93,calristein,"""You can't use reason to argue someone out of a position he/she/they didn't get to through reason in the first place.""","Schenectady, NY",752,322,10325,0,I'd like to know who they were actually polling. Poll Find 73% Want Elon Musk To Takeover Twitter; The Tesla CEO Responds $TSLA $TWTR https://t.co/eTCh8dMpnF via @Benzinga,[]
94,rj_tsla,Data Engineer,"Austin, TX",18,6,1088,10,"@SawyerMerritt I have never charged my 2018 Tesla Model 3 anywhere other than my own garage, using the mobile charger it came with.

Iâ€™d tell @elonmusk even if some owners donâ€™t use them (apparently), it should remain standard equipmentâ€” even if only as a charger of last resort.",[]
95,CompoundPlays,How to use compounding plays strategy to roll profits in to more gains (Tweets are not financial advice). $TSLA $GME $XRP $UOS $ENJ,Metaverse/Main street,234,76,2212,0,TSLA calls this week are so expensive still :( hopefully little drop before earnings,[]
96,steph_grath5,,,117,14,2895,167,"Between April 1 and April 5, Elon Musk lost an important motion in federal courtâ€”in secret. As you can see, Document 387 is missing from the docket. As of today, we know it's a court order from Judge Chen that was lodged under seal. $TSLA https://t.co/MyBxnrpNl8",[]
97,SiRSONlC,"Fast, Neat, Average...","Ohio, USA",347,308,5058,0,"@bradsferguson I honestly cannot recommend a Tesla to someone without overnight charging capability. 

Removing the cord really grinds my gears â€” the mobile charger unlocks 110 and 220 outlets at damn near any location. This is a poor move.

As an all-in TSLA guyâ€¦ this raises infuriates meâ€¦ğŸ˜©",[]
98,Jimbeamclassic,"Stock and Crypto Savage, educator. Not FA.âœŒğŸ¼",TX,1683,1107,9093,0,@UpAndToTheLight @unusual_whales Why would you sell TSLA if you predict it to go to $3600?,[]
99,Ali_TeslaMY,"Husband, father of 3, Tesla investor. Loving the present and the future. Here for the FUD.",Upstate New York,1973,3773,20380,4,"This is an upsell, right? @elonmusk @Tesla $TSLA

@WholeMarsBlog https://t.co/gunrDDHbvu",[]
